<?xml version = '1.0' encoding = 'UTF-8'?>
<Entity class="oracle.dbtools.crest.model.design.logical.Entity" directorySegmentName="seg_0" id="7032E332-19D8-1B77-6963-40A8E41EEA7D" name="PEDIDO ARTICULO">
<createdBy>damen</createdBy>
<createdTime>2025-09-26 05:05:00 UTC</createdTime>
<ownerDesignName>tareaLorna</ownerDesignName>
<engineerTo>
<item key="9756E1C6-71CA-9298-26F7-350C1778851E" value="true"/>
</engineerTo>
<adequatelyNormalized>NO</adequatelyNormalized>
<expectedVolumes>0</expectedVolumes>
<fwdEngineeringStrategyName>Single Table</fwdEngineeringStrategyName>
<growthPercent>0</growthPercent>
<growthType>Year</growthType>
<maxVolumes>9999999</maxVolumes>
<minVolumes>0</minVolumes>
<normalForm>Third</normalForm>
<attributes itemClass="oracle.dbtools.crest.model.design.logical.Attribute">
<Attribute name="Precio total" id="E3623E82-FDB6-0106-6B83-EA32EAC54FB0">
<createdBy>damen</createdBy>
<createdTime>2025-09-26 05:05:24 UTC</createdTime>
<ownerDesignName>tareaLorna</ownerDesignName>
<engineerTo>
<item key="9756E1C6-71CA-9298-26F7-350C1778851E" value="true"/>
</engineerTo>
<useDomainConstraints>false</useDomainConstraints>
<use>1</use>
<logicalDatatype>LOGDT019</logicalDatatype>
<dataTypePrecision>10</dataTypePrecision>
<dataTypeScale>2</dataTypeScale>
<ownDataTypeParameters>,10,2</ownDataTypeParameters>
</Attribute>
<Attribute name="ID" id="DB23C1B8-4B9E-17A4-8A0C-C89038577DEE">
<createdBy>damen</createdBy>
<createdTime>2025-09-26 05:07:47 UTC</createdTime>
<generatorID>9E4C50E5-F039-5C76-885C-FED250E80754</generatorID>
<ownerDesignName>tareaLorna</ownerDesignName>
<engineerTo>
<item key="9756E1C6-71CA-9298-26F7-350C1778851E" value="true"/>
</engineerTo>
<referedAttribute>8C0019E2-ACF4-0FCD-03EA-590D8B720C30</referedAttribute>
<useDomainConstraints>false</useDomainConstraints>
<use>1</use>
<logicalDatatype>LOGDT019</logicalDatatype>
<dataTypePrecision>4</dataTypePrecision>
<ownDataTypeParameters>,,</ownDataTypeParameters>
</Attribute>
<Attribute name="ID1" id="25872295-7E1A-C6DF-5881-011B2A5A8BD4">
<createdBy>damen</createdBy>
<createdTime>2025-09-26 05:08:18 UTC</createdTime>
<generatorID>CC6D783E-D3AA-E50B-5CCA-17114B4AE3F4</generatorID>
<ownerDesignName>tareaLorna</ownerDesignName>
<engineerTo>
<item key="9756E1C6-71CA-9298-26F7-350C1778851E" value="true"/>
</engineerTo>
<referedAttribute>CAF1D461-ADF3-E70A-EFA9-261DE7DD97F9</referedAttribute>
<useDomainConstraints>false</useDomainConstraints>
<use>1</use>
<logicalDatatype>LOGDT019</logicalDatatype>
<dataTypePrecision>4</dataTypePrecision>
<ownDataTypeParameters>,,</ownDataTypeParameters>
</Attribute>
</attributes>
<identifiers itemClass="oracle.dbtools.crest.model.design.logical.CandidateKey">
<identifier id="D71EE8C6-BEA7-DED2-8F32-01A21F60F5D0" name="PEDIDO ARTICULO PK">
<createdBy>damen</createdBy>
<createdTime>2025-09-26 05:07:47 UTC</createdTime>
<ownerDesignName>tareaLorna</ownerDesignName>
<engineerTo>
<item key="9756E1C6-71CA-9298-26F7-350C1778851E" value="true"/>
</engineerTo>
<pk>true</pk>
<usedAttributes>
<attributeRef>DB23C1B8-4B9E-17A4-8A0C-C89038577DEE</attributeRef>
<attributeRef>25872295-7E1A-C6DF-5881-011B2A5A8BD4</attributeRef>
</usedAttributes>
</identifier>
</identifiers>
</Entity>