<?xml version = '1.0' encoding = 'UTF-8'?>
<Entity class="oracle.dbtools.crest.model.design.logical.Entity" directorySegmentName="seg_0" id="7DEFEFAD-B0E9-E0D5-541C-3B4539E87A4D" name="PEDIDO">
<createdBy>damen</createdBy>
<createdTime>2025-09-26 04:53:26 UTC</createdTime>
<ownerDesignName>tareaLorna</ownerDesignName>
<engineerTo>
<item key="9756E1C6-71CA-9298-26F7-350C1778851E" value="true"/>
</engineerTo>
<adequatelyNormalized>NO</adequatelyNormalized>
<expectedVolumes>0</expectedVolumes>
<fwdEngineeringStrategyName>Single Table</fwdEngineeringStrategyName>
<growthPercent>0</growthPercent>
<growthType>Year</growthType>
<maxVolumes>9999999</maxVolumes>
<minVolumes>0</minVolumes>
<normalForm>Third</normalForm>
<attributes itemClass="oracle.dbtools.crest.model.design.logical.Attribute">
<Attribute name="ID" id="CAF1D461-ADF3-E70A-EFA9-261DE7DD97F9">
<createdBy>damen</createdBy>
<createdTime>2025-09-26 04:53:35 UTC</createdTime>
<ownerDesignName>tareaLorna</ownerDesignName>
<engineerTo>
<item key="9756E1C6-71CA-9298-26F7-350C1778851E" value="true"/>
</engineerTo>
<useDomainConstraints>false</useDomainConstraints>
<use>1</use>
<logicalDatatype>LOGDT019</logicalDatatype>
<dataTypePrecision>4</dataTypePrecision>
<ownDataTypeParameters>,4,</ownDataTypeParameters>
</Attribute>
<Attribute name="Fecha" id="1717D33F-7145-745E-65F6-6CB1BD15F939">
<createdBy>damen</createdBy>
<createdTime>2025-09-26 04:54:20 UTC</createdTime>
<ownerDesignName>tareaLorna</ownerDesignName>
<engineerTo>
<item key="9756E1C6-71CA-9298-26F7-350C1778851E" value="true"/>
</engineerTo>
<useDomainConstraints>false</useDomainConstraints>
<use>1</use>
<logicalDatatype>LOGDT007</logicalDatatype>
<ownDataTypeParameters>,,</ownDataTypeParameters>
</Attribute>
<Attribute name="Articulos totales" id="DA371B9F-F995-96A0-5A37-580D4C9AAC5B">
<createdBy>damen</createdBy>
<createdTime>2025-09-26 04:54:34 UTC</createdTime>
<ownerDesignName>tareaLorna</ownerDesignName>
<engineerTo>
<item key="9756E1C6-71CA-9298-26F7-350C1778851E" value="true"/>
</engineerTo>
<useDomainConstraints>false</useDomainConstraints>
<use>1</use>
<logicalDatatype>LOGDT019</logicalDatatype>
<dataTypePrecision>4</dataTypePrecision>
<ownDataTypeParameters>,4,</ownDataTypeParameters>
</Attribute>
<Attribute name="ID2" id="A3CF2C90-7CCB-F5C3-B1C7-3D9A1B968738">
<createdBy>damen</createdBy>
<createdTime>2025-09-26 05:07:06 UTC</createdTime>
<generatorID>1E3DFECA-7395-40EA-84DE-5A5AA74E0760</generatorID>
<ownerDesignName>tareaLorna</ownerDesignName>
<engineerTo>
<item key="9756E1C6-71CA-9298-26F7-350C1778851E" value="true"/>
</engineerTo>
<referedAttribute>CBDDA01B-56FF-4F42-5A98-0C469724D5FE</referedAttribute>
<useDomainConstraints>false</useDomainConstraints>
<use>1</use>
<logicalDatatype>LOGDT019</logicalDatatype>
<dataTypePrecision>4</dataTypePrecision>
<ownDataTypeParameters>,,</ownDataTypeParameters>
</Attribute>
</attributes>
<identifiers itemClass="oracle.dbtools.crest.model.design.logical.CandidateKey">
<identifier id="D4232D5B-71EA-56C7-B6FC-A72A90465B9D" name="PEDIDO PK">
<createdBy>damen</createdBy>
<createdTime>2025-09-26 04:53:48 UTC</createdTime>
<ownerDesignName>tareaLorna</ownerDesignName>
<engineerTo>
<item key="9756E1C6-71CA-9298-26F7-350C1778851E" value="true"/>
</engineerTo>
<pk>true</pk>
<usedAttributes>
<attributeRef>CAF1D461-ADF3-E70A-EFA9-261DE7DD97F9</attributeRef>
</usedAttributes>
</identifier>
</identifiers>
</Entity>