<?xml version = '1.0' encoding = 'UTF-8'?>
<Entity class="oracle.dbtools.crest.model.design.logical.Entity" directorySegmentName="seg_0" id="A3F2FDBC-4354-9775-E9A9-94A3D337574A" name="ARTICULO">
<createdBy>damen</createdBy>
<createdTime>2025-09-26 04:55:42 UTC</createdTime>
<ownerDesignName>tareaLorna</ownerDesignName>
<engineerTo>
<item key="9756E1C6-71CA-9298-26F7-350C1778851E" value="true"/>
</engineerTo>
<adequatelyNormalized>NO</adequatelyNormalized>
<expectedVolumes>0</expectedVolumes>
<fwdEngineeringStrategyName>Single Table</fwdEngineeringStrategyName>
<growthPercent>0</growthPercent>
<growthType>Year</growthType>
<maxVolumes>9999999</maxVolumes>
<minVolumes>0</minVolumes>
<normalForm>Third</normalForm>
<attributes itemClass="oracle.dbtools.crest.model.design.logical.Attribute">
<Attribute name="ID" id="8C0019E2-ACF4-0FCD-03EA-590D8B720C30">
<createdBy>damen</createdBy>
<createdTime>2025-09-26 04:59:36 UTC</createdTime>
<ownerDesignName>tareaLorna</ownerDesignName>
<engineerTo>
<item key="9756E1C6-71CA-9298-26F7-350C1778851E" value="true"/>
</engineerTo>
<useDomainConstraints>false</useDomainConstraints>
<use>1</use>
<logicalDatatype>LOGDT019</logicalDatatype>
<dataTypePrecision>4</dataTypePrecision>
<ownDataTypeParameters>,4,</ownDataTypeParameters>
</Attribute>
<Attribute name="Nombre" id="9E843174-5056-9A1B-0653-F32166ECD850">
<createdBy>damen</createdBy>
<createdTime>2025-09-26 04:59:47 UTC</createdTime>
<ownerDesignName>tareaLorna</ownerDesignName>
<engineerTo>
<item key="9756E1C6-71CA-9298-26F7-350C1778851E" value="true"/>
</engineerTo>
<useDomainConstraints>false</useDomainConstraints>
<use>1</use>
<logicalDatatype>LOGDT024</logicalDatatype>
<dataTypeSize>100</dataTypeSize>
<ownDataTypeParameters>100,,</ownDataTypeParameters>
</Attribute>
<Attribute name="Precio" id="513AF9DA-B512-4526-D629-8506EBF4B994">
<createdBy>damen</createdBy>
<createdTime>2025-09-26 05:00:00 UTC</createdTime>
<ownerDesignName>tareaLorna</ownerDesignName>
<engineerTo>
<item key="9756E1C6-71CA-9298-26F7-350C1778851E" value="true"/>
</engineerTo>
<useDomainConstraints>false</useDomainConstraints>
<use>1</use>
<logicalDatatype>LOGDT019</logicalDatatype>
<dataTypePrecision>10</dataTypePrecision>
<dataTypeScale>2</dataTypeScale>
<ownDataTypeParameters>,10,2</ownDataTypeParameters>
</Attribute>
<Attribute name="Costo al mayorista" id="14B58D83-122C-1190-C72F-26B5291F66A9">
<createdBy>damen</createdBy>
<createdTime>2025-09-26 05:00:28 UTC</createdTime>
<ownerDesignName>tareaLorna</ownerDesignName>
<engineerTo>
<item key="9756E1C6-71CA-9298-26F7-350C1778851E" value="true"/>
</engineerTo>
<useDomainConstraints>false</useDomainConstraints>
<use>1</use>
<logicalDatatype>LOGDT019</logicalDatatype>
<dataTypePrecision>10</dataTypePrecision>
<dataTypeScale>2</dataTypeScale>
<ownDataTypeParameters>,10,2</ownDataTypeParameters>
</Attribute>
<Attribute name="Categoria" id="0D61B18B-C089-AB4F-C778-C52D8733B472">
<createdBy>damen</createdBy>
<createdTime>2025-09-26 05:01:57 UTC</createdTime>
<ownerDesignName>tareaLorna</ownerDesignName>
<engineerTo>
<item key="9756E1C6-71CA-9298-26F7-350C1778851E" value="true"/>
</engineerTo>
<useDomainConstraints>false</useDomainConstraints>
<use>1</use>
<logicalDatatype>LOGDT024</logicalDatatype>
<dataTypeSize>100</dataTypeSize>
<ownDataTypeParameters>100,,</ownDataTypeParameters>
</Attribute>
<Attribute name="Color" id="8BEB8D91-9E4B-FED2-7D87-04B623A2BAAC">
<createdBy>damen</createdBy>
<createdTime>2025-09-26 05:02:17 UTC</createdTime>
<ownerDesignName>tareaLorna</ownerDesignName>
<engineerTo>
<item key="9756E1C6-71CA-9298-26F7-350C1778851E" value="true"/>
</engineerTo>
<nullsAllowed>true</nullsAllowed>
<useDomainConstraints>false</useDomainConstraints>
<use>1</use>
<logicalDatatype>LOGDT024</logicalDatatype>
<dataTypeSize>100</dataTypeSize>
<ownDataTypeParameters>100,,</ownDataTypeParameters>
</Attribute>
<Attribute name="Tamaño" id="39063E8E-71F3-2B7E-448F-25E2B6D8EC09">
<createdBy>damen</createdBy>
<createdTime>2025-09-26 05:02:27 UTC</createdTime>
<ownerDesignName>tareaLorna</ownerDesignName>
<engineerTo>
<item key="9756E1C6-71CA-9298-26F7-350C1778851E" value="true"/>
</engineerTo>
<nullsAllowed>true</nullsAllowed>
<useDomainConstraints>false</useDomainConstraints>
<use>1</use>
<logicalDatatype>LOGDT024</logicalDatatype>
<dataTypeSize>100</dataTypeSize>
<ownDataTypeParameters>100,,</ownDataTypeParameters>
</Attribute>
<Attribute name="Descripcion" id="53F6B82F-A8B8-C3EC-21E9-7779B48CBE1B">
<createdBy>damen</createdBy>
<createdTime>2025-09-26 05:02:37 UTC</createdTime>
<ownerDesignName>tareaLorna</ownerDesignName>
<engineerTo>
<item key="9756E1C6-71CA-9298-26F7-350C1778851E" value="true"/>
</engineerTo>
<useDomainConstraints>false</useDomainConstraints>
<use>1</use>
<logicalDatatype>LOGDT024</logicalDatatype>
<dataTypeSize>100</dataTypeSize>
<ownDataTypeParameters>100,,</ownDataTypeParameters>
</Attribute>
</attributes>
<identifiers itemClass="oracle.dbtools.crest.model.design.logical.CandidateKey">
<identifier id="F02C32E9-DD7D-174D-1BE1-0DCF12E11E2F" name="ARTICULO PK">
<createdBy>damen</createdBy>
<createdTime>2025-09-26 04:59:45 UTC</createdTime>
<ownerDesignName>tareaLorna</ownerDesignName>
<engineerTo>
<item key="9756E1C6-71CA-9298-26F7-350C1778851E" value="true"/>
</engineerTo>
<pk>true</pk>
<usedAttributes>
<attributeRef>8C0019E2-ACF4-0FCD-03EA-590D8B720C30</attributeRef>
</usedAttributes>
</identifier>
</identifiers>
</Entity>