<?xml version = '1.0' encoding = 'UTF-8'?>
<Entity class="oracle.dbtools.crest.model.design.logical.Entity" directorySegmentName="seg_0" id="B7E1F595-6205-9DB4-A794-0D37D29BCFF2" name="INVENTARIO">
<createdBy>damen</createdBy>
<createdTime>2025-09-26 04:51:39 UTC</createdTime>
<ownerDesignName>tareaLorna</ownerDesignName>
<engineerTo>
<item key="9756E1C6-71CA-9298-26F7-350C1778851E" value="true"/>
</engineerTo>
<adequatelyNormalized>NO</adequatelyNormalized>
<expectedVolumes>0</expectedVolumes>
<fwdEngineeringStrategyName>Single Table</fwdEngineeringStrategyName>
<growthPercent>0</growthPercent>
<growthType>Year</growthType>
<maxVolumes>9999999</maxVolumes>
<minVolumes>0</minVolumes>
<normalForm>Third</normalForm>
<attributes itemClass="oracle.dbtools.crest.model.design.logical.Attribute">
<Attribute name="Stock" id="4C39D81E-92D8-6B29-C6D6-7FCCB3D184B6">
<createdBy>damen</createdBy>
<createdTime>2025-09-26 04:51:51 UTC</createdTime>
<ownerDesignName>tareaLorna</ownerDesignName>
<engineerTo>
<item key="9756E1C6-71CA-9298-26F7-350C1778851E" value="true"/>
</engineerTo>
<useDomainConstraints>false</useDomainConstraints>
<use>1</use>
<logicalDatatype>LOGDT019</logicalDatatype>
<dataTypePrecision>4</dataTypePrecision>
<ownDataTypeParameters>,4,</ownDataTypeParameters>
</Attribute>
</attributes>
</Entity>