<?xml version = '1.0' encoding = 'UTF-8'?>
<Relation class="oracle.dbtools.crest.model.design.logical.Relation" name="Relation_2" directorySegmentName="seg_0" id="1E3DFECA-7395-40EA-84DE-5A5AA74E0760">
<createdBy>damen</createdBy>
<createdTime>2025-09-26 05:07:06 UTC</createdTime>
<ownerDesignName>tareaLorna</ownerDesignName>
<engineerTo>
<item key="9756E1C6-71CA-9298-26F7-350C1778851E" value="true"/>
</engineerTo>
<sourcePk>2A7DBA4A-2CB2-2A14-5D59-409EF65C4FFB</sourcePk>
<identifying>false</identifying>
<nameOnSource>realiza </nameOnSource>
<nameOnTarget>es realizado</nameOnTarget>
<optionalSource>true</optionalSource>
<optionalTarget>false</optionalTarget>
<sourceCardinality>1</sourceCardinality>
<sourceEntity>F5D86AD6-F930-37A8-FE2B-1DDC4BCA5C62</sourceEntity>
<targetCardinalityString>*</targetCardinalityString>
<targetEntity>7DEFEFAD-B0E9-E0D5-541C-3B4539E87A4D</targetEntity>
<transferable>true</transferable>
<deleteRule>NO ACTION</deleteRule>
</Relation>