<?xml version = '1.0' encoding = 'UTF-8'?>
<Relation class="oracle.dbtools.crest.model.design.logical.Relation" name="Relation_1" directorySegmentName="seg_0" id="2A71330F-8EF8-2FD2-9902-A4F87009F32B">
<createdBy>damen</createdBy>
<createdTime>2025-09-26 05:04:10 UTC</createdTime>
<ownerDesignName>tareaLorna</ownerDesignName>
<engineerTo>
<item key="9756E1C6-71CA-9298-26F7-350C1778851E" value="true"/>
</engineerTo>
<identifying>false</identifying>
<nameOnSource>almacena</nameOnSource>
<nameOnTarget>es almacenado</nameOnTarget>
<optionalSource>false</optionalSource>
<optionalTarget>false</optionalTarget>
<sourceCardinality>1</sourceCardinality>
<sourceEntity>B7E1F595-6205-9DB4-A794-0D37D29BCFF2</sourceEntity>
<targetCardinalityString>*</targetCardinalityString>
<targetEntity>A3F2FDBC-4354-9775-E9A9-94A3D337574A</targetEntity>
<transferable>true</transferable>
<deleteRule>NO ACTION</deleteRule>
</Relation>