<?xml version = '1.0' encoding = 'UTF-8'?>
<Relation class="oracle.dbtools.crest.model.design.logical.Relation" name="Relation_5" directorySegmentName="seg_0" id="98BA5013-27CF-ACC7-39B5-41929D892B9C">
<createdBy>damen</createdBy>
<createdTime>2025-09-26 05:15:04 UTC</createdTime>
<ownerDesignName>tareaLorna</ownerDesignName>
<engineerTo>
<item key="9756E1C6-71CA-9298-26F7-350C1778851E" value="true"/>
</engineerTo>
<sourcePk>2A7DBA4A-2CB2-2A14-5D59-409EF65C4FFB</sourcePk>
<identifying>false</identifying>
<nameOnSource>es atendido</nameOnSource>
<nameOnTarget>atiende</nameOnTarget>
<optionalSource>false</optionalSource>
<optionalTarget>false</optionalTarget>
<sourceCardinality>1</sourceCardinality>
<sourceEntity>F5D86AD6-F930-37A8-FE2B-1DDC4BCA5C62</sourceEntity>
<targetCardinalityString>*</targetCardinalityString>
<targetEntity>59C7F421-F4E2-4213-4A48-8B1F17FE60D3</targetEntity>
<transferable>true</transferable>
<deleteRule>NO ACTION</deleteRule>
</Relation>