<?xml version = '1.0' encoding = 'UTF-8'?>
<Relation class="oracle.dbtools.crest.model.design.logical.Relation" name="Relation_3" directorySegmentName="seg_0" id="9E4C50E5-F039-5C76-885C-FED250E80754">
<createdBy>damen</createdBy>
<createdTime>2025-09-26 05:07:47 UTC</createdTime>
<ownerDesignName>tareaLorna</ownerDesignName>
<engineerTo>
<item key="9756E1C6-71CA-9298-26F7-350C1778851E" value="true"/>
</engineerTo>
<sourcePk>F02C32E9-DD7D-174D-1BE1-0DCF12E11E2F</sourcePk>
<identifying>true</identifying>
<nameOnSource>genera</nameOnSource>
<nameOnTarget>es generado</nameOnTarget>
<optionalSource>true</optionalSource>
<optionalTarget>false</optionalTarget>
<sourceCardinality>1</sourceCardinality>
<sourceEntity>A3F2FDBC-4354-9775-E9A9-94A3D337574A</sourceEntity>
<targetCardinalityString>*</targetCardinalityString>
<targetEntity>7032E332-19D8-1B77-6963-40A8E41EEA7D</targetEntity>
<transferable>true</transferable>
<deleteRule>NO ACTION</deleteRule>
</Relation>