<?xml version = '1.0' encoding = 'UTF-8'?>
<Relation class="oracle.dbtools.crest.model.design.logical.Relation" name="Relation_4" directorySegmentName="seg_0" id="CC6D783E-D3AA-E50B-5CCA-17114B4AE3F4">
<createdBy>damen</createdBy>
<createdTime>2025-09-26 05:08:18 UTC</createdTime>
<ownerDesignName>tareaLorna</ownerDesignName>
<engineerTo>
<item key="9756E1C6-71CA-9298-26F7-350C1778851E" value="true"/>
</engineerTo>
<sourcePk>D4232D5B-71EA-56C7-B6FC-A72A90465B9D</sourcePk>
<identifying>true</identifying>
<nameOnSource>genera</nameOnSource>
<nameOnTarget>es generado</nameOnTarget>
<optionalSource>true</optionalSource>
<optionalTarget>false</optionalTarget>
<sourceCardinality>1</sourceCardinality>
<sourceEntity>7DEFEFAD-B0E9-E0D5-541C-3B4539E87A4D</sourceEntity>
<targetCardinalityString>*</targetCardinalityString>
<targetEntity>7032E332-19D8-1B77-6963-40A8E41EEA7D</targetEntity>
<transferable>true</transferable>
<deleteRule>NO ACTION</deleteRule>
</Relation>