<?xml version = '1.0' encoding = 'UTF-8'?>
<Diagram class="oracle.dbtools.crest.swingui.logical.DPVLogical" name="Logical" id="1E3CC0B2-CB4B-0E37-DE57-7A26C2AF546E">
<createdBy>damen</createdBy>
<modifiedBy>damen</modifiedBy>
<createdTime>2025-09-26 04:28:01 UTC</createdTime>
<autoRoute>false</autoRoute>
<boxInbox>true</boxInbox>
<showLegend>false</showLegend>
<showLabels>true</showLabels>
<showRelAttributes>false</showRelAttributes>
<gridEnabled>false</gridEnabled>
<showGrid>false</showGrid>
<diagramColor>-1</diagramColor>
<display>false</display>
<notation>1</notation>
<objectViews>
<OView class="oracle.dbtools.crest.swingui.logical.TVEntity" oid="59C7F421-F4E2-4213-4A48-8B1F17FE60D3" otype="Entity" vid="1E87916F-CD0D-62E5-F1CA-5D5D0DDED9DA">
<hideElementsInCurrentOnly>false</hideElementsInCurrentOnly>
<bounds x="429" y="139" width="176" height="128"/>
</OView>
<OView class="oracle.dbtools.crest.swingui.logical.TVEntity" oid="7032E332-19D8-1B77-6963-40A8E41EEA7D" otype="Entity" vid="9B2CC47E-F9E5-DB20-FC32-A272AB8F205F">
<hideElementsInCurrentOnly>false</hideElementsInCurrentOnly>
<bounds x="442" y="450" width="170" height="110"/>
</OView>
<OView class="oracle.dbtools.crest.swingui.logical.TVEntity" oid="7DEFEFAD-B0E9-E0D5-541C-3B4539E87A4D" otype="Entity" vid="5DFB9840-2D8B-B64D-6EA1-5D93A6613488">
<hideElementsInCurrentOnly>false</hideElementsInCurrentOnly>
<bounds x="784" y="464" width="170" height="110"/>
</OView>
<OView class="oracle.dbtools.crest.swingui.logical.TVEntity" oid="A3F2FDBC-4354-9775-E9A9-94A3D337574A" otype="Entity" vid="6B2788D6-9D5D-D655-6B91-B22A19FEE372">
<hideElementsInCurrentOnly>false</hideElementsInCurrentOnly>
<bounds x="59" y="422" width="205" height="145"/>
</OView>
<OView class="oracle.dbtools.crest.swingui.logical.TVEntity" oid="B62B7AE8-E8A0-6541-1EE3-191F8E573211" otype="Entity" vid="2FFCBEA6-A12E-250C-19BD-C3B2013A7CE9">
<hideElementsInCurrentOnly>false</hideElementsInCurrentOnly>
<bounds x="807" y="249" width="144" height="58"/>
</OView>
<OView class="oracle.dbtools.crest.swingui.logical.TVEntity" oid="B7E1F595-6205-9DB4-A794-0D37D29BCFF2" otype="Entity" vid="FE4F03AF-D1F0-CD5D-1DF1-795C17CB0C11">
<hideElementsInCurrentOnly>false</hideElementsInCurrentOnly>
<bounds x="81" y="191" width="170" height="110"/>
</OView>
<OView class="oracle.dbtools.crest.swingui.logical.TVEntity" oid="F5D86AD6-F930-37A8-FE2B-1DDC4BCA5C62" otype="Entity" vid="1D582F05-0E02-BBDD-5955-D5165F2AC422">
<hideElementsInCurrentOnly>false</hideElementsInCurrentOnly>
<bounds x="784" y="115" width="189" height="202"/>
</OView>
</objectViews>
<connectors>
<Connector class="oracle.dbtools.crest.swingui.logical.TVRelation" oid="1E3DFECA-7395-40EA-84DE-5A5AA74E0760" otype="Relation" vid_source="1D582F05-0E02-BBDD-5955-D5165F2AC422" vid_target="5DFB9840-2D8B-B64D-6EA1-5D93A6613488">
<hideElementsInCurrentOnly>false</hideElementsInCurrentOnly>
<backgroundColor>-16777216</backgroundColor>
<lineWidth>1</lineWidth>
<sourceLabel class="oracle.dbtools.crest.model.design.Label">
<site>0</site>
<labelBounds x="869" y="353" width="50" height="30"/>
<noBackgroundColor>true</noBackgroundColor>
<noForegroundColor>true</noForegroundColor>
</sourceLabel>
<targetLabel class="oracle.dbtools.crest.model.design.Label">
<site>2</site>
<labelBounds x="869" y="428" width="72" height="30"/>
<noBackgroundColor>true</noBackgroundColor>
<noForegroundColor>true</noForegroundColor>
</targetLabel>
<points>
<point x="869" y="312"/>
<point x="869" y="464"/>
</points>
</Connector>
<Connector class="oracle.dbtools.crest.swingui.logical.TVRelation" oid="2A71330F-8EF8-2FD2-9902-A4F87009F32B" otype="Relation" vid_source="FE4F03AF-D1F0-CD5D-1DF1-795C17CB0C11" vid_target="6B2788D6-9D5D-D655-6B91-B22A19FEE372">
<hideElementsInCurrentOnly>false</hideElementsInCurrentOnly>
<backgroundColor>-16777216</backgroundColor>
<lineWidth>1</lineWidth>
<sourceLabel class="oracle.dbtools.crest.model.design.Label">
<site>0</site>
<labelBounds x="166" y="337" width="63" height="30"/>
<noBackgroundColor>true</noBackgroundColor>
<noForegroundColor>true</noForegroundColor>
</sourceLabel>
<targetLabel class="oracle.dbtools.crest.model.design.Label">
<site>2</site>
<labelBounds x="166" y="386" width="88" height="30"/>
<noBackgroundColor>true</noBackgroundColor>
<noForegroundColor>true</noForegroundColor>
</targetLabel>
<points>
<point x="166" y="301"/>
<point x="439" y="508"/>
</points>
</Connector>
<Connector class="oracle.dbtools.crest.swingui.logical.TVRelation" oid="98BA5013-27CF-ACC7-39B5-41929D892B9C" otype="Relation" vid_source="1D582F05-0E02-BBDD-5955-D5165F2AC422" vid_target="1E87916F-CD0D-62E5-F1CA-5D5D0DDED9DA">
<hideElementsInCurrentOnly>false</hideElementsInCurrentOnly>
<backgroundColor>-16777216</backgroundColor>
<lineWidth>1</lineWidth>
<sourceLabel class="oracle.dbtools.crest.model.design.Label">
<site>0</site>
<labelBounds x="708" y="173" width="70" height="30"/>
<noBackgroundColor>true</noBackgroundColor>
<noForegroundColor>true</noForegroundColor>
</sourceLabel>
<targetLabel class="oracle.dbtools.crest.model.design.Label">
<site>2</site>
<labelBounds x="615" y="206" width="51" height="30"/>
<noBackgroundColor>true</noBackgroundColor>
<noForegroundColor>true</noForegroundColor>
</targetLabel>
<points>
<point x="784" y="203"/>
<point x="605" y="203"/>
</points>
</Connector>
<Connector class="oracle.dbtools.crest.swingui.logical.TVRelation" oid="9E4C50E5-F039-5C76-885C-FED250E80754" otype="Relation" vid_source="6B2788D6-9D5D-D655-6B91-B22A19FEE372" vid_target="9B2CC47E-F9E5-DB20-FC32-A272AB8F205F">
<hideElementsInCurrentOnly>false</hideElementsInCurrentOnly>
<backgroundColor>-16777216</backgroundColor>
<lineWidth>1</lineWidth>
<sourceLabel class="oracle.dbtools.crest.model.design.Label">
<site>0</site>
<labelBounds x="274" y="475" width="48" height="30"/>
<noBackgroundColor>true</noBackgroundColor>
<noForegroundColor>true</noForegroundColor>
</sourceLabel>
<targetLabel class="oracle.dbtools.crest.model.design.Label">
<site>2</site>
<labelBounds x="363" y="508" width="73" height="30"/>
<noBackgroundColor>true</noBackgroundColor>
<noForegroundColor>true</noForegroundColor>
</targetLabel>
<points>
<point x="264" y="505"/>
<point x="442" y="505"/>
</points>
</Connector>
<Connector class="oracle.dbtools.crest.swingui.logical.TVRelation" oid="CC6D783E-D3AA-E50B-5CCA-17114B4AE3F4" otype="Relation" vid_source="5DFB9840-2D8B-B64D-6EA1-5D93A6613488" vid_target="9B2CC47E-F9E5-DB20-FC32-A272AB8F205F">
<hideElementsInCurrentOnly>false</hideElementsInCurrentOnly>
<backgroundColor>-16777216</backgroundColor>
<lineWidth>1</lineWidth>
<sourceLabel class="oracle.dbtools.crest.model.design.Label">
<site>0</site>
<labelBounds x="707" y="482" width="71" height="30"/>
<noBackgroundColor>true</noBackgroundColor>
<noForegroundColor>true</noForegroundColor>
</sourceLabel>
<targetLabel class="oracle.dbtools.crest.model.design.Label">
<site>2</site>
<labelBounds x="622" y="515" width="48" height="30"/>
<noBackgroundColor>true</noBackgroundColor>
<noForegroundColor>true</noForegroundColor>
</targetLabel>
<points>
<point x="784" y="512"/>
<point x="612" y="512"/>
</points>
</Connector>
<Connector class="oracle.dbtools.crest.swingui.logical.TVInheritanceRelation" oid="E8544091-6ECA-C953-7669-8562F5EBC6DA" otype="Hierarchy relation" vid_source="1D582F05-0E02-BBDD-5955-D5165F2AC422" vid_target="2FFCBEA6-A12E-250C-19BD-C3B2013A7CE9">
<hideElementsInCurrentOnly>false</hideElementsInCurrentOnly>
<backgroundColor>-65536</backgroundColor>
<lineWidth>1</lineWidth>
</Connector>
</connectors>
</Diagram>